INDEX,SHOOTER,X,Y,RANGE,DEFENDER,SCORE
0,Seth Curry,-3.8089872646128478,0.58362103297793044,"(0, 4)",Chris Paul,MADE
1,Seth Curry,-0.10427858187071212,0.91913799912986471,"(0, 4)",Trae Young,MADE
2,Seth Curry,-0.52586397388830186,3.912239470287461,"(0, 4)",Trae Young,MADE
3,Seth Curry,-0.79061630673082139,2.503781995732393,"(0, 4)",Chris Paul,MADE
4,Seth Curry,2.1190741345771569,0.32053394137725311,"(0, 4)",Trae Young,MADE
5,Seth Curry,0.75361428491552873,2.0535536809218531,"(0, 4)",Chris Paul,MADE
6,Seth Curry,-2.5350783377393489,0.6269159719909243,"(0, 4)",Russell Westbrook,MADE
7,Seth Curry,-3.2368627197221409,1.6196334807394268,"(0, 4)",Chris Paul,MADE
8,Seth Curry,2.0457652115400489,3.1421816677475949,"(0, 4)",Chris Paul,MADE
9,Seth Curry,2.8216087464886024,1.4268624991891796,"(0, 4)",Chris Paul,MADE
10,Seth Curry,-3.5653972645374594,0.85723117940053406,"(0, 4)",Trae Young,MADE
11,Seth Curry,0.27152219404126376,0.39755017684660537,"(0, 4)",Trae Young,MISSED
12,Seth Curry,-2.373094260256837,1.1300969935913963,"(0, 4)",Russell Westbrook,MISSED
13,Seth Curry,-1.6396772583071162,0.73734579779587139,"(0, 4)",Russell Westbrook,MISSED
14,Seth Curry,-2.0995531982159261,1.5594888722229567,"(0, 4)",Russell Westbrook,MISSED
15,Seth Curry,0.84082790108627703,3.3303729004900844,"(0, 4)",Russell Westbrook,MISSED
16,Seth Curry,-5.7835693886426114,3.2165361122816187,"(5, 9)",Trae Young,MADE
17,Seth Curry,1.1219727886110153,6.9426899610851862,"(5, 9)",Russell Westbrook,MADE
18,Seth Curry,-2.5044678956548703,7.1404921005204072,"(5, 9)",Trae Young,MADE
19,Seth Curry,2.8879326088863007,5.6325971515483078,"(5, 9)",Trae Young,MADE
20,Seth Curry,3.1126125659413733,6.8344228611043887,"(5, 9)",Chris Paul,MADE
21,Seth Curry,6.0263229880245586,3.5369633913459371,"(5, 9)",Trae Young,MADE
22,Seth Curry,-4.5878413309706341,6.7457429100764195,"(5, 9)",Trae Young,MADE
23,Seth Curry,4.9387133083169736,4.6341000960884529,"(5, 9)",Trae Young,MADE
24,Seth Curry,-4.5297301394069081,5.410632848383722,"(5, 9)",Trae Young,MISSED
25,Seth Curry,4.8592809372519037,4.39755041251136,"(5, 9)",Chris Paul,MISSED
26,Seth Curry,-7.6734013056983388,0.516084297010312,"(5, 9)",Russell Westbrook,MISSED
27,Seth Curry,7.087774379189594,2.1824587967769529,"(5, 9)",Russell Westbrook,MISSED
28,Seth Curry,-12.22333478324553,1.9363947406815778,"(10, 14)",Trae Young,MADE
29,Seth Curry,9.0994305610181456,10.590804575220833,"(10, 14)",Trae Young,MADE
30,Seth Curry,7.3511068618965787,9.5697257575992474,"(10, 14)",Trae Young,MADE
31,Seth Curry,12.203405565543251,4.2422825867922862,"(10, 14)",Trae Young,MADE
32,Seth Curry,-3.0583529732171018,12.02510336719498,"(10, 14)",Trae Young,MADE
33,Seth Curry,-13.651810517839399,0.77561225260188171,"(10, 14)",Russell Westbrook,MISSED
34,Seth Curry,3.426317347173276,12.349370983359728,"(10, 14)",Russell Westbrook,MISSED
35,Seth Curry,12.666616559796164,0.67880657444606929,"(10, 14)",Russell Westbrook,MISSED
36,Seth Curry,-10.108484645859642,6.5163151691698831,"(10, 14)",Russell Westbrook,MISSED
37,Seth Curry,12.091995742784764,0.92429851482660708,"(10, 14)",Chris Paul,MISSED
38,Seth Curry,12.192265102835787,1.1825293866495374,"(10, 14)",Russell Westbrook,MISSED
39,Seth Curry,-12.531259232918245,4.5000860622079175,"(10, 14)",Chris Paul,MISSED
40,Seth Curry,13.25333413230419,11.355372336747243,"(15, 19)",Chris Paul,MADE
41,Seth Curry,17.273661490723583,2.618933194929606,"(15, 19)",Trae Young,MADE
42,Seth Curry,16.772738331419944,5.4554308062468371,"(15, 19)",Russell Westbrook,MADE
43,Seth Curry,11.302658350154484,11.819926614793735,"(15, 19)",Chris Paul,MADE
44,Seth Curry,15.735369669943896,6.4702997881042972,"(15, 19)",Russell Westbrook,MADE
45,Seth Curry,-5.4585672007680337,17.1335870236286,"(15, 19)",Trae Young,MADE
46,Seth Curry,14.313989065305073,8.6875871452252067,"(15, 19)",Russell Westbrook,MADE
47,Seth Curry,-2.9467634016863991,18.033215277522643,"(15, 19)",Trae Young,MADE
48,Seth Curry,-2.0956491627589267,17.93201989532632,"(15, 19)",Trae Young,MADE
49,Seth Curry,5.629904584026634,17.720644771115946,"(15, 19)",Trae Young,MADE
50,Seth Curry,-16.088311133196367,4.9120279214376232,"(15, 19)",Trae Young,MADE
51,Seth Curry,-13.587824894095782,9.0812711982661067,"(15, 19)",Trae Young,MADE
52,Seth Curry,-15.123751719274052,6.6731922141712205,"(15, 19)",Russell Westbrook,MADE
53,Seth Curry,4.9841609257086459,16.78449730069493,"(15, 19)",Russell Westbrook,MISSED
54,Seth Curry,5.38692547939681,17.12214268097598,"(15, 19)",Russell Westbrook,MISSED
55,Seth Curry,14.638562692573281,6.5868232678620817,"(15, 19)",Trae Young,MISSED
56,Seth Curry,5.3144927207004322,16.519179383658834,"(15, 19)",Trae Young,MISSED
57,Seth Curry,-14.474827223667717,7.7234215669772821,"(15, 19)",Russell Westbrook,MISSED
58,Seth Curry,-21.162738670731809,8.6819958932671248,"(20, 24)",Trae Young,MADE
59,Seth Curry,-21.337321253173624,4.6926157536244508,"(20, 24)",Trae Young,MADE
60,Seth Curry,-11.832006819420377,17.080053435993303,"(20, 24)",Chris Paul,MADE
61,Seth Curry,-15.641748248534233,15.964640008589804,"(20, 24)",Chris Paul,MADE
62,Seth Curry,0.17286430982261122,21.836850877665562,"(20, 24)",Trae Young,MADE
63,Seth Curry,21.999834444363678,6.6652236115773604,"(20, 24)",Trae Young,MADE
64,Seth Curry,11.483431651682709,18.15631547511823,"(20, 24)",Trae Young,MADE
65,Seth Curry,-20.738588149029038,1.3967967791014568,"(20, 24)",Chris Paul,MADE
66,Seth Curry,-20.242206674387479,8.5144600756804234,"(20, 24)",Russell Westbrook,MADE
67,Seth Curry,13.7465739054672,19.464008088572708,"(20, 24)",Chris Paul,MADE
68,Seth Curry,15.359395929330741,17.958301705167393,"(20, 24)",Trae Young,MADE
69,Seth Curry,-0.8784654594485175,23.506969699355707,"(20, 24)",Trae Young,MADE
70,Seth Curry,-22.01824377562609,7.370524474151245,"(20, 24)",Trae Young,MADE
71,Seth Curry,14.296387749095471,18.442986779128642,"(20, 24)",Trae Young,MADE
72,Seth Curry,5.6754760220526466,22.277406820973049,"(20, 24)",Trae Young,MADE
73,Seth Curry,-13.329036148606157,17.062218993440641,"(20, 24)",Trae Young,MADE
74,Seth Curry,-19.82578741371541,8.9063446537682402,"(20, 24)",Chris Paul,MADE
75,Seth Curry,-9.0022945249153619,19.16419239428302,"(20, 24)",Chris Paul,MADE
76,Seth Curry,-13.078475725978544,15.57797203470701,"(20, 24)",Chris Paul,MADE
77,Seth Curry,20.036232616666219,10.106783571319722,"(20, 24)",Trae Young,MADE
78,Seth Curry,3.0381148311923059,22.579681374613429,"(20, 24)",Russell Westbrook,MISSED
79,Seth Curry,-8.2541630455495021,19.582278950991867,"(20, 24)",Russell Westbrook,MISSED
80,Seth Curry,17.162547000127496,16.342316519056805,"(20, 24)",Chris Paul,MISSED
81,Seth Curry,-17.62497762944778,15.950920053421948,"(20, 24)",Russell Westbrook,MISSED
82,Seth Curry,19.89282872151643,8.4636748643358626,"(20, 24)",Chris Paul,MISSED
83,Seth Curry,1.5119342113289236,23.10534723183811,"(20, 24)",Russell Westbrook,MISSED
84,Seth Curry,-10.797996904975042,18.143832936374945,"(20, 24)",Chris Paul,MISSED
85,Seth Curry,-11.630727404803338,16.952119398484427,"(20, 24)",Russell Westbrook,MISSED
86,Seth Curry,17.197427698630037,15.459558476362051,"(20, 24)",Russell Westbrook,MISSED
87,Seth Curry,17.72305826782285,10.580356629067337,"(20, 24)",Chris Paul,MISSED
88,Seth Curry,-13.850067061826175,24.599831685185517,"(25, 29)",Chris Paul,MADE
89,Seth Curry,-5.5444219237404599,26.635445882926067,"(25, 29)",Chris Paul,MADE
90,Seth Curry,14.332740856568327,22.115709980487523,"(25, 29)",Russell Westbrook,MADE
91,Seth Curry,-27.637741984397341,0.82915285293759999,"(25, 29)",Russell Westbrook,MADE
92,Seth Curry,23.631569791178482,14.819888547886173,"(25, 29)",Trae Young,MADE
93,Seth Curry,21.735183322952579,18.045307536328519,"(25, 29)",Russell Westbrook,MADE
94,Seth Curry,23.103878202841674,14.068524344673623,"(25, 29)",Trae Young,MADE
95,Seth Curry,23.258739705893277,13.248422682297219,"(25, 29)",Chris Paul,MADE
96,Seth Curry,-25.09082013394352,10.209513138169015,"(25, 29)",Trae Young,MADE
97,Seth Curry,26.668632663536798,5.0405893303750924,"(25, 29)",Chris Paul,MADE
98,Seth Curry,23.718345312529667,10.819713025937848,"(25, 29)",Chris Paul,MADE
99,Seth Curry,-0.85655017863433136,28.853913250333903,"(25, 29)",Trae Young,MADE
100,Seth Curry,-10.565694966853107,24.931969978446212,"(25, 29)",Trae Young,MADE
101,Seth Curry,26.803230377202532,5.8140099420231843,"(25, 29)",Trae Young,MADE
102,Seth Curry,-0.52589565761192247,27.029852075549204,"(25, 29)",Trae Young,MADE
103,Seth Curry,-17.173028588834516,21.28648529218912,"(25, 29)",Chris Paul,MADE
104,Seth Curry,28.208495028057381,6.1054744119851412,"(25, 29)",Trae Young,MADE
105,Seth Curry,-28.133550836811462,2.4883007439948726,"(25, 29)",Chris Paul,MADE
106,Seth Curry,13.352563941822661,23.619753728893269,"(25, 29)",Chris Paul,MADE
107,Seth Curry,27.511694159482452,3.0066728377574781,"(25, 29)",Trae Young,MADE
108,Seth Curry,-27.146188453609977,5.6484300152769968,"(25, 29)",Trae Young,MADE
109,Seth Curry,-26.855214013387776,5.7758129124089503,"(25, 29)",Chris Paul,MADE
110,Seth Curry,26.089297195635009,7.0470128700312991,"(25, 29)",Trae Young,MADE
111,Seth Curry,-9.0825935395811825,24.508564685466627,"(25, 29)",Russell Westbrook,MADE
112,Seth Curry,22.354420497475267,11.432122097745905,"(25, 29)",Russell Westbrook,MADE
113,Seth Curry,15.764257665318018,20.432070709440492,"(25, 29)",Trae Young,MADE
114,Seth Curry,21.031978200023133,17.601231315763606,"(25, 29)",Chris Paul,MADE
115,Seth Curry,25.389823649441116,11.584049963105885,"(25, 29)",Trae Young,MADE
116,Seth Curry,-15.512576508660027,20.697861539655271,"(25, 29)",Chris Paul,MISSED
117,Seth Curry,-0.92672304297735764,28.07374584605671,"(25, 29)",Russell Westbrook,MISSED
118,Seth Curry,21.132296808206352,19.554275115421735,"(25, 29)",Russell Westbrook,MISSED
119,Seth Curry,-1.4827013726402374,28.379903012195282,"(25, 29)",Russell Westbrook,MISSED
120,Seth Curry,-18.212283257848036,22.092587610242497,"(25, 29)",Russell Westbrook,MISSED
121,Seth Curry,-20.419808406246283,19.371769490801135,"(25, 29)",Chris Paul,MISSED
122,Seth Curry,9.86374411892875,26.946598340438435,"(25, 29)",Russell Westbrook,MISSED
123,Seth Curry,-5.6250022188719875,25.562373763302858,"(25, 29)",Russell Westbrook,MISSED
124,Seth Curry,22.277930233939944,16.355251981717856,"(25, 29)",Russell Westbrook,MISSED
125,Seth Curry,-22.765855167827659,14.897506148197889,"(25, 29)",Russell Westbrook,MISSED
126,Seth Curry,21.170192908095487,16.904006456193404,"(25, 29)",Trae Young,MISSED
127,Seth Curry,9.428626792028723,26.410087512198515,"(25, 29)",Russell Westbrook,MISSED
128,Seth Curry,-3.5637027478070511,28.098289027747686,"(25, 29)",Trae Young,MISSED
129,Seth Curry,21.814117764458899,17.862548572174791,"(25, 29)",Russell Westbrook,MISSED
130,Seth Curry,-27.260320090127266,4.8842165260781751,"(25, 29)",Russell Westbrook,MISSED
131,Seth Curry,-15.248232497973467,21.993551960423822,"(25, 29)",Chris Paul,MISSED
132,Seth Curry,-27.506221667827582,5.5843936138277162,"(25, 29)",Chris Paul,MISSED
133,Seth Curry,-16.928815912536695,22.84844396015097,"(25, 29)",Chris Paul,MISSED
134,Seth Curry,25.239064454851661,13.765181938937404,"(25, 29)",Russell Westbrook,MISSED
135,Seth Curry,4.0768803480522555,28.669975131944209,"(25, 29)",Russell Westbrook,MISSED
136,Seth Curry,1.1360745187164623,28.406594572374292,"(25, 29)",Trae Young,MISSED
137,Seth Curry,-5.3528028157421401,26.736198968431239,"(25, 29)",Chris Paul,MISSED
138,Seth Curry,-22.934053093842113,14.764229541373233,"(25, 29)",Chris Paul,MISSED
139,Seth Curry,-13.299950218209533,24.318795530999694,"(25, 29)",Chris Paul,MISSED
140,Seth Curry,22.145869853805735,18.492607553008295,"(25, 29)",Russell Westbrook,MISSED
141,Seth Curry,8.6074046207381318,27.45203932749828,"(25, 29)",Chris Paul,MISSED
142,Seth Curry,-24.515616965404053,13.251210241287044,"(25, 29)",Russell Westbrook,MISSED
143,Seth Curry,-27.000579889379203,1.2761734080874794,"(25, 29)",Chris Paul,MISSED
144,Seth Curry,10.605381656432604,26.328311488407063,"(25, 29)",Chris Paul,MISSED
145,Seth Curry,19.563438187709895,21.342594685759202,"(25, 29)",Russell Westbrook,MISSED
146,Seth Curry,-23.413764777215462,11.692071985282432,"(25, 29)",Chris Paul,MISSED
147,Chris Paul,-1.2950785682678188,0.74117600302148812,"(0, 4)",Seth Curry,MADE
148,Chris Paul,2.0888717940928654,1.4542426468157013,"(0, 4)",Seth Curry,MADE
149,Chris Paul,2.1494370002654382,3.1381493320171776,"(0, 4)",Trae Young,MADE
150,Chris Paul,1.5238362868755386,3.1541982465375007,"(0, 4)",Trae Young,MADE
151,Chris Paul,-2.7211356222671155,0.0089106865549911322,"(0, 4)",Seth Curry,MADE
152,Chris Paul,-3.6144517487370971,1.3159264522496266,"(0, 4)",Seth Curry,MADE
153,Chris Paul,1.2291365386032138,1.054092040007558,"(0, 4)",Trae Young,MADE
154,Chris Paul,-1.3411534117789747,0.81961413329002641,"(0, 4)",Seth Curry,MADE
155,Chris Paul,-0.43352895570530647,2.1111009444977409,"(0, 4)",Seth Curry,MADE
156,Chris Paul,-2.4860573715041197,2.183775364836213,"(0, 4)",Russell Westbrook,MADE
157,Chris Paul,0.71562800976609531,1.3804437905595222,"(0, 4)",Trae Young,MADE
158,Chris Paul,-0.027717472819180407,0.051972178592997902,"(0, 4)",Trae Young,MADE
159,Chris Paul,1.6283943309170064,0.92250963395321706,"(0, 4)",Russell Westbrook,MISSED
160,Chris Paul,-0.76356984451289622,1.3585472131374268,"(0, 4)",Trae Young,MISSED
161,Chris Paul,-0.093850385378959456,0.87951793152424285,"(0, 4)",Russell Westbrook,MISSED
162,Chris Paul,2.7049401159161133,1.9231596678062102,"(0, 4)",Russell Westbrook,MISSED
163,Chris Paul,-1.54089691994975,8.0565690247988986,"(5, 9)",Seth Curry,MADE
164,Chris Paul,5.4652791250302819,4.5716304126423628,"(5, 9)",Russell Westbrook,MADE
165,Chris Paul,-2.7186601810471482,8.0963143025477802,"(5, 9)",Trae Young,MADE
166,Chris Paul,-7.4645171567622874,1.7189789769329269,"(5, 9)",Trae Young,MADE
167,Chris Paul,8.4081941655317358,2.1374801054759764,"(5, 9)",Trae Young,MADE
168,Chris Paul,-5.4270774274373128,4.1383276916931147,"(5, 9)",Trae Young,MADE
169,Chris Paul,-0.88955459476430043,7.0618171021424399,"(5, 9)",Trae Young,MADE
170,Chris Paul,2.1733609555385263,4.862637981960459,"(5, 9)",Trae Young,MADE
171,Chris Paul,7.5367433923976597,3.823087351275511,"(5, 9)",Seth Curry,MADE
172,Chris Paul,-7.1224363598488374,4.0259224587284486,"(5, 9)",Trae Young,MADE
173,Chris Paul,5.4789698192418754,6.1454580476171481,"(5, 9)",Seth Curry,MADE
174,Chris Paul,-3.1459024358463803,7.7453419430889596,"(5, 9)",Russell Westbrook,MADE
175,Chris Paul,4.6736567954371164,6.5295419205065768,"(5, 9)",Seth Curry,MADE
176,Chris Paul,-2.6608661467118315,7.1933152663468309,"(5, 9)",Trae Young,MISSED
177,Chris Paul,2.9095574492782168,7.9976305021914982,"(5, 9)",Russell Westbrook,MISSED
178,Chris Paul,1.083251473828782,6.3704787207428071,"(5, 9)",Seth Curry,MISSED
179,Chris Paul,-3.6463697898214944,6.5767135039975546,"(5, 9)",Russell Westbrook,MISSED
180,Chris Paul,-4.8748687104354049,4.440577825383075,"(5, 9)",Seth Curry,MISSED
181,Chris Paul,-8.2182999069009224,1.8470826250840975,"(5, 9)",Trae Young,MISSED
182,Chris Paul,-8.2714368815289507,1.9897000020205542,"(5, 9)",Seth Curry,MISSED
183,Chris Paul,3.9449321110453064,7.1720131478081992,"(5, 9)",Trae Young,MISSED
184,Chris Paul,8.876402537542921,1.2631568252312095,"(5, 9)",Seth Curry,MISSED
185,Chris Paul,11.673403238397469,3.8241600687461093,"(10, 14)",Trae Young,MADE
186,Chris Paul,11.676981266762136,4.5200770841385545,"(10, 14)",Seth Curry,MADE
187,Chris Paul,6.503316198161639,12.174113352838132,"(10, 14)",Seth Curry,MADE
188,Chris Paul,-10.272902713844413,4.48519496929796,"(10, 14)",Trae Young,MADE
189,Chris Paul,-11.474444341087382,5.8557523960009732,"(10, 14)",Trae Young,MADE
190,Chris Paul,5.0414948041902887,9.7757515731527853,"(10, 14)",Trae Young,MADE
191,Chris Paul,-5.6361573166459271,12.079695092431542,"(10, 14)",Russell Westbrook,MADE
192,Chris Paul,5.3175866356608923,11.648135018059014,"(10, 14)",Trae Young,MADE
193,Chris Paul,11.787116365156567,0.61553751547468349,"(10, 14)",Russell Westbrook,MADE
194,Chris Paul,2.1566456669443657,11.481403992003047,"(10, 14)",Trae Young,MADE
195,Chris Paul,12.167100820090461,2.0843470606221506,"(10, 14)",Trae Young,MADE
196,Chris Paul,11.527243647192176,3.0783599434605584,"(10, 14)",Seth Curry,MADE
197,Chris Paul,-6.1316981568692261,9.4385775243274033,"(10, 14)",Trae Young,MADE
198,Chris Paul,10.964124764761099,8.3632602481559459,"(10, 14)",Seth Curry,MADE
199,Chris Paul,3.7305608082224575,10.309314521263223,"(10, 14)",Trae Young,MADE
200,Chris Paul,7.5879507314555603,11.608625051302147,"(10, 14)",Seth Curry,MADE
201,Chris Paul,8.8050246538911665,8.3945523908123771,"(10, 14)",Trae Young,MADE
202,Chris Paul,-0.4630720445694107,12.998556100059199,"(10, 14)",Trae Young,MADE
203,Chris Paul,8.7320864104425731,6.3315687286981737,"(10, 14)",Seth Curry,MADE
204,Chris Paul,-3.0338001449152725,13.280780489551093,"(10, 14)",Trae Young,MADE
205,Chris Paul,-2.8875178881494974,12.767918453644135,"(10, 14)",Trae Young,MADE
206,Chris Paul,-0.70260598468811775,13.921294050858886,"(10, 14)",Seth Curry,MADE
207,Chris Paul,10.766825646077553,8.2001295281607796,"(10, 14)",Russell Westbrook,MADE
208,Chris Paul,5.7703971675685803,11.144803454552282,"(10, 14)",Russell Westbrook,MADE
209,Chris Paul,-4.6800998248262538,11.169818856632185,"(10, 14)",Seth Curry,MADE
210,Chris Paul,-5.3612087755825977,12.00117062096043,"(10, 14)",Seth Curry,MADE
211,Chris Paul,-5.9938240228066899,12.275578025783311,"(10, 14)",Trae Young,MADE
212,Chris Paul,-7.258707083639786,7.2439850541388608,"(10, 14)",Trae Young,MADE
213,Chris Paul,11.713989381044643,4.1869875470163596,"(10, 14)",Seth Curry,MISSED
214,Chris Paul,-12.42306402592267,3.5423715168561811,"(10, 14)",Russell Westbrook,MISSED
215,Chris Paul,2.3627691296872162,13.768639111459876,"(10, 14)",Russell Westbrook,MISSED
216,Chris Paul,-0.18888079746992661,11.96007081149823,"(10, 14)",Trae Young,MISSED
217,Chris Paul,-4.6857228705466323,12.160721929021712,"(10, 14)",Russell Westbrook,MISSED
218,Chris Paul,-1.8631588258563758,13.289366326154724,"(10, 14)",Trae Young,MISSED
219,Chris Paul,3.1309651586254605,12.20062546194945,"(10, 14)",Seth Curry,MISSED
220,Chris Paul,-9.0448560408755601,5.292500507055232,"(10, 14)",Seth Curry,MISSED
221,Chris Paul,5.3811458832981129,10.692669520913171,"(10, 14)",Seth Curry,MISSED
222,Chris Paul,-10.190361377319499,4.7782090572669462,"(10, 14)",Russell Westbrook,MISSED
223,Chris Paul,10.826539182918987,6.2678005839856343,"(10, 14)",Seth Curry,MISSED
224,Chris Paul,-7.9706068056968746,9.5372826076886472,"(10, 14)",Trae Young,MISSED
225,Chris Paul,-9.6220148873306197,8.9009938178035259,"(10, 14)",Russell Westbrook,MISSED
226,Chris Paul,10.824464746535877,8.1919463959108718,"(10, 14)",Seth Curry,MISSED
227,Chris Paul,0.017553173633982157,13.965952101332675,"(10, 14)",Russell Westbrook,MISSED
228,Chris Paul,-1.9971111403444162,13.22214919408885,"(10, 14)",Seth Curry,MISSED
229,Chris Paul,-11.51224820160232,1.5391993172452805,"(10, 14)",Russell Westbrook,MISSED
230,Chris Paul,-6.6202590792569573,10.206113754409401,"(10, 14)",Russell Westbrook,MISSED
231,Chris Paul,-13.338672969298855,3.9430443058357838,"(10, 14)",Trae Young,MISSED
232,Chris Paul,12.15784923118404,3.1304533230950526,"(10, 14)",Trae Young,MISSED
233,Chris Paul,-10.818719331745285,3.4992903924458543,"(10, 14)",Russell Westbrook,MISSED
234,Chris Paul,7.4554764185664002,11.723951707418347,"(10, 14)",Russell Westbrook,MISSED
235,Chris Paul,-6.937014324743437,9.7830399814272049,"(10, 14)",Seth Curry,MISSED
236,Chris Paul,1.0879104354175206,12.668297246060098,"(10, 14)",Trae Young,MISSED
237,Chris Paul,1.6246843240368993,13.644698555928533,"(10, 14)",Seth Curry,MISSED
238,Chris Paul,11.821362610029526,0.68209606276014778,"(10, 14)",Seth Curry,MISSED
239,Chris Paul,7.757945578590939,9.3644667238928747,"(10, 14)",Trae Young,MISSED
240,Chris Paul,-12.777350489134074,4.1426404475828722,"(10, 14)",Trae Young,MISSED
241,Chris Paul,-3.0177540876853866,12.013075343998354,"(10, 14)",Russell Westbrook,MISSED
242,Chris Paul,-11.244990435060519,0.47588766864039656,"(10, 14)",Seth Curry,MISSED
243,Chris Paul,10.432672200156208,7.4107440495950643,"(10, 14)",Seth Curry,MISSED
244,Chris Paul,3.330331876151722,12.933620164171627,"(10, 14)",Russell Westbrook,MISSED
245,Chris Paul,-12.331536571753556,4.3116354316381251,"(10, 14)",Russell Westbrook,MISSED
246,Chris Paul,-1.70735900369581,18.442176346523837,"(15, 19)",Trae Young,MADE
247,Chris Paul,-16.15147865045402,4.9211487383253631,"(15, 19)",Seth Curry,MADE
248,Chris Paul,-15.875238628515687,9.4885934542764936,"(15, 19)",Trae Young,MADE
249,Chris Paul,-4.2900769513644752,18.416030728042795,"(15, 19)",Trae Young,MADE
250,Chris Paul,-8.568365378545046,14.507124689311635,"(15, 19)",Trae Young,MADE
251,Chris Paul,2.300994900304433,18.190699412248343,"(15, 19)",Seth Curry,MADE
252,Chris Paul,-8.1615354868822099,16.095018672630829,"(15, 19)",Trae Young,MADE
253,Chris Paul,4.4507445877344152,17.15171839706673,"(15, 19)",Russell Westbrook,MADE
254,Chris Paul,10.684095485668225,13.844608359857967,"(15, 19)",Seth Curry,MADE
255,Chris Paul,16.666116663444161,8.5558509629546204,"(15, 19)",Seth Curry,MADE
256,Chris Paul,-17.44640541885115,0.24497014543875445,"(15, 19)",Trae Young,MADE
257,Chris Paul,-12.384343843828628,11.970968302110254,"(15, 19)",Russell Westbrook,MADE
258,Chris Paul,-9.7137064005971592,13.243427291562449,"(15, 19)",Trae Young,MADE
259,Chris Paul,4.2686430396440782,17.370118921340723,"(15, 19)",Seth Curry,MADE
260,Chris Paul,6.9466920341784286,16.773863818808689,"(15, 19)",Russell Westbrook,MADE
261,Chris Paul,14.866046085833048,9.827349178625175,"(15, 19)",Trae Young,MADE
262,Chris Paul,13.228967213495761,10.433161682654301,"(15, 19)",Seth Curry,MADE
263,Chris Paul,-8.2605645944103863,14.5582179747548,"(15, 19)",Russell Westbrook,MADE
264,Chris Paul,15.773785200483436,5.5979877964637064,"(15, 19)",Trae Young,MADE
265,Chris Paul,-10.897936601443165,13.97480782985188,"(15, 19)",Trae Young,MADE
266,Chris Paul,-3.8067816845891453,15.644322479134908,"(15, 19)",Trae Young,MADE
267,Chris Paul,-16.242673484335047,8.7238352707819455,"(15, 19)",Russell Westbrook,MADE
268,Chris Paul,14.880549601664622,9.2996567202296792,"(15, 19)",Trae Young,MADE
269,Chris Paul,11.454105347032231,14.311102040231066,"(15, 19)",Trae Young,MADE
270,Chris Paul,-15.729980816318669,2.432811997710068,"(15, 19)",Seth Curry,MADE
271,Chris Paul,-16.433928334236853,6.9408742744258909,"(15, 19)",Trae Young,MADE
272,Chris Paul,16.372535906047936,7.704300341901078,"(15, 19)",Trae Young,MADE
273,Chris Paul,10.136246244709691,14.794352437692201,"(15, 19)",Seth Curry,MADE
274,Chris Paul,17.757564672333487,0.026200257991372086,"(15, 19)",Seth Curry,MADE
275,Chris Paul,18.729367389573483,1.3676113387279409,"(15, 19)",Seth Curry,MADE
276,Chris Paul,-5.7810468854270587,15.797414110352497,"(15, 19)",Seth Curry,MISSED
277,Chris Paul,8.3835311545881037,15.537481423614459,"(15, 19)",Russell Westbrook,MISSED
278,Chris Paul,3.5718845524584961,18.023093551073213,"(15, 19)",Russell Westbrook,MISSED
279,Chris Paul,-3.0192219516761325,18.577032249281789,"(15, 19)",Seth Curry,MISSED
280,Chris Paul,10.208921110223262,15.230094576309961,"(15, 19)",Russell Westbrook,MISSED
281,Chris Paul,-14.850654215194234,6.4985673810946709,"(15, 19)",Russell Westbrook,MISSED
282,Chris Paul,0.78180538225949336,17.595405298167908,"(15, 19)",Trae Young,MISSED
283,Chris Paul,-17.607609508402589,1.3093200982448323,"(15, 19)",Russell Westbrook,MISSED
284,Chris Paul,8.4474543232201533,14.947884134578855,"(15, 19)",Russell Westbrook,MISSED
285,Chris Paul,-10.855341583176745,14.325945975871715,"(15, 19)",Russell Westbrook,MISSED
286,Chris Paul,16.577928955712256,6.6011799815313541,"(15, 19)",Russell Westbrook,MISSED
287,Chris Paul,-9.2437977621869525,15.81072184789001,"(15, 19)",Trae Young,MISSED
288,Chris Paul,18.891522098695233,0.92766955134617257,"(15, 19)",Seth Curry,MISSED
289,Chris Paul,-3.1567503767398279,16.132482861948798,"(15, 19)",Russell Westbrook,MISSED
290,Chris Paul,16.616906916490247,9.138246520539175,"(15, 19)",Russell Westbrook,MISSED
291,Chris Paul,0.23740081958714457,18.294010223693412,"(15, 19)",Russell Westbrook,MISSED
292,Chris Paul,-14.498073054743569,10.158435168721544,"(15, 19)",Seth Curry,MISSED
293,Chris Paul,16.214882929987464,9.7399405211670835,"(15, 19)",Russell Westbrook,MISSED
294,Chris Paul,-3.0237139702131119,16.631500366209441,"(15, 19)",Russell Westbrook,MISSED
295,Chris Paul,-5.2423647438154637,17.909391826999538,"(15, 19)",Russell Westbrook,MISSED
296,Chris Paul,18.649455260275882,0.051618563172874304,"(15, 19)",Russell Westbrook,MISSED
297,Chris Paul,17.34874338639446,3.8949940352501411,"(15, 19)",Trae Young,MISSED
298,Chris Paul,12.937012219684002,13.163873963482148,"(15, 19)",Russell Westbrook,MISSED
299,Chris Paul,18.016850520131975,2.8787446698054273,"(15, 19)",Trae Young,MISSED
300,Chris Paul,-13.306698100097408,11.934021089216838,"(15, 19)",Trae Young,MISSED
301,Chris Paul,15.644542348211155,8.2145876536403915,"(15, 19)",Russell Westbrook,MISSED
302,Chris Paul,-1.1200384152701433,18.809228015138437,"(15, 19)",Russell Westbrook,MISSED
303,Chris Paul,-2.1561539195682271,16.572019634445926,"(15, 19)",Russell Westbrook,MISSED
304,Chris Paul,-6.6387514153335303,15.544474473216759,"(15, 19)",Trae Young,MISSED
305,Chris Paul,-17.241179602696704,6.0776702312073683,"(15, 19)",Russell Westbrook,MISSED
306,Chris Paul,-18.087777359747324,1.0654440727911345,"(15, 19)",Seth Curry,MISSED
307,Chris Paul,-15.29493112441113,7.9953428857333311,"(15, 19)",Russell Westbrook,MISSED
308,Chris Paul,-1.4657942260712911,18.400962362452809,"(15, 19)",Russell Westbrook,MISSED
309,Chris Paul,4.153629005164805,18.136941692623598,"(15, 19)",Russell Westbrook,MISSED
310,Chris Paul,-15.599216661882524,9.4186737485101659,"(15, 19)",Russell Westbrook,MISSED
311,Chris Paul,-15.169262755434492,8.4174868187650418,"(15, 19)",Seth Curry,MISSED
312,Chris Paul,-16.887597432339895,4.594166862724915,"(15, 19)",Russell Westbrook,MISSED
313,Chris Paul,9.3509636217351115,20.17117842762022,"(20, 24)",Russell Westbrook,MADE
314,Chris Paul,-11.478565857457555,18.764983667393434,"(20, 24)",Trae Young,MADE
315,Chris Paul,18.607052785028802,14.743471454190896,"(20, 24)",Seth Curry,MADE
316,Chris Paul,2.8772573658556735,23.478780080881318,"(20, 24)",Seth Curry,MADE
317,Chris Paul,16.398526067430012,17.007648714094771,"(20, 24)",Seth Curry,MADE
318,Chris Paul,6.721446402594939,22.085173536374732,"(20, 24)",Seth Curry,MADE
319,Chris Paul,-0.29294615254387363,23.363135535026014,"(20, 24)",Russell Westbrook,MISSED
320,Chris Paul,-23.741318837199252,2.0405650513959945,"(20, 24)",Russell Westbrook,MISSED
321,Chris Paul,16.490090838513623,17.209739585852866,"(20, 24)",Trae Young,MISSED
322,Chris Paul,22.692717787604391,2.4681148674346054,"(20, 24)",Seth Curry,MISSED
323,Chris Paul,7.396096713191989,21.236140163126123,"(20, 24)",Seth Curry,MISSED
324,Chris Paul,19.211926157142823,13.986026177827593,"(20, 24)",Russell Westbrook,MISSED
325,Chris Paul,-3.4255759215842274,23.730484898586305,"(20, 24)",Russell Westbrook,MISSED
326,Chris Paul,12.797624641274238,18.289511456009777,"(20, 24)",Seth Curry,MISSED
327,Chris Paul,-22.818691987725938,2.5806480470553819,"(20, 24)",Russell Westbrook,MISSED
328,Chris Paul,-19.22105828746534,12.203448637294716,"(20, 24)",Seth Curry,MISSED
329,Chris Paul,-25.186275013894388,14.066540009392547,"(25, 29)",Trae Young,MADE
330,Chris Paul,-5.5471816498565998,24.914509344690835,"(25, 29)",Seth Curry,MADE
331,Chris Paul,9.7554363107042334,24.085279422457202,"(25, 29)",Trae Young,MADE
332,Chris Paul,-7.9003066046413961,26.832565307152553,"(25, 29)",Trae Young,MADE
333,Chris Paul,-26.243213717582243,5.0765459940554223,"(25, 29)",Trae Young,MADE
334,Chris Paul,4.8843479778973924,27.101266136464805,"(25, 29)",Russell Westbrook,MADE
335,Chris Paul,-9.1081859771115603,25.883175611840535,"(25, 29)",Seth Curry,MADE
336,Chris Paul,3.2127306941556273,28.691707132204776,"(25, 29)",Russell Westbrook,MADE
337,Chris Paul,-12.808645610339141,24.713510370027624,"(25, 29)",Russell Westbrook,MADE
338,Chris Paul,-2.8009666492484344,25.943520335112368,"(25, 29)",Seth Curry,MADE
339,Chris Paul,-13.757145529492359,22.908172046386412,"(25, 29)",Trae Young,MADE
340,Chris Paul,20.573735493875489,18.305822172267384,"(25, 29)",Trae Young,MADE
341,Chris Paul,21.487799885456823,15.044171460254484,"(25, 29)",Russell Westbrook,MADE
342,Chris Paul,28.181460897084612,3.1113331911730016,"(25, 29)",Seth Curry,MADE
343,Chris Paul,25.226984646260139,12.104692147377035,"(25, 29)",Seth Curry,MADE
344,Chris Paul,14.525054783609948,23.913404938447815,"(25, 29)",Trae Young,MADE
345,Chris Paul,20.337937217755695,17.920995538878032,"(25, 29)",Russell Westbrook,MISSED
346,Chris Paul,-0.55149543444661175,28.387038023383681,"(25, 29)",Russell Westbrook,MISSED
347,Chris Paul,25.825142766499091,11.393644982323652,"(25, 29)",Russell Westbrook,MISSED
348,Chris Paul,24.731522853865432,10.602680073468928,"(25, 29)",Seth Curry,MISSED
349,Chris Paul,11.081354986207772,25.380604428162041,"(25, 29)",Russell Westbrook,MISSED
350,Chris Paul,-23.678529794115278,16.471101674908276,"(25, 29)",Russell Westbrook,MISSED
351,Chris Paul,-26.891476896690577,3.5050578693819037,"(25, 29)",Russell Westbrook,MISSED
352,Chris Paul,12.007206021461883,25.692671036714717,"(25, 29)",Seth Curry,MISSED
353,Chris Paul,-26.435861889081529,7.2305390816059543,"(25, 29)",Trae Young,MISSED
354,Chris Paul,-15.466370333379075,24.259804651092594,"(25, 29)",Trae Young,MISSED
355,Chris Paul,16.419832357298752,23.786675813593462,"(25, 29)",Seth Curry,MISSED
356,Chris Paul,-11.438000258378558,24.556567504929088,"(25, 29)",Russell Westbrook,MISSED
357,Chris Paul,-16.45258485061257,21.536643846727674,"(25, 29)",Russell Westbrook,MISSED
358,Chris Paul,-22.352812229493317,15.510549459896215,"(25, 29)",Russell Westbrook,MISSED
359,Chris Paul,22.554915975028436,13.319373638777463,"(25, 29)",Russell Westbrook,MISSED
360,Chris Paul,-27.491523475990565,2.0098413905060504,"(25, 29)",Seth Curry,MISSED
361,Chris Paul,6.8381315607050386,27.602299477075388,"(25, 29)",Seth Curry,MISSED
362,Chris Paul,-8.0719234889218949,25.392433290543575,"(25, 29)",Russell Westbrook,MISSED
363,Russell Westbrook,-0.29921954422130093,0.22071472826242861,"(0, 4)",Trae Young,MADE
364,Russell Westbrook,1.7641991963787829,2.5784415368407649,"(0, 4)",Trae Young,MADE
365,Russell Westbrook,3.2818520611460014,0.18520199025481415,"(0, 4)",Trae Young,MADE
366,Russell Westbrook,-0.35821171052427064,1.1887787757538448,"(0, 4)",Chris Paul,MADE
367,Russell Westbrook,2.5192668529092881,2.8248124376365147,"(0, 4)",Trae Young,MADE
368,Russell Westbrook,-0.1166648786967692,3.3399185672128846,"(0, 4)",Trae Young,MADE
369,Russell Westbrook,-2.2250783306126345,2.4060074934918361,"(0, 4)",Trae Young,MADE
370,Russell Westbrook,-1.1985979251487544,1.8240810951113768,"(0, 4)",Trae Young,MADE
371,Russell Westbrook,-0.38166134737134028,3.9550959848259089,"(0, 4)",Chris Paul,MADE
372,Russell Westbrook,-0.86603625190841382,2.0293862128422862,"(0, 4)",Chris Paul,MADE
373,Russell Westbrook,2.7261611210459185,1.4726226733244745,"(0, 4)",Chris Paul,MISSED
374,Russell Westbrook,1.5312110249597386,0.20901202884127451,"(0, 4)",Trae Young,MISSED
375,Russell Westbrook,0.11953743093410461,0.019364648879810036,"(0, 4)",Chris Paul,MISSED
376,Russell Westbrook,2.3143040526518002,2.5390865322976635,"(0, 4)",Trae Young,MISSED
377,Russell Westbrook,-1.1333181293669783,1.8437379805333955,"(0, 4)",Seth Curry,MISSED
378,Russell Westbrook,-3.6693289405500176,0.21650501038117423,"(0, 4)",Trae Young,MISSED
379,Russell Westbrook,1.2920290992154835,1.3539065429589796,"(0, 4)",Seth Curry,MISSED
380,Russell Westbrook,-1.7621626528797474,2.128534040666783,"(0, 4)",Seth Curry,MISSED
381,Russell Westbrook,-1.2403518516556917,1.7495852873702287,"(0, 4)",Seth Curry,MISSED
382,Russell Westbrook,2.2955297850971443,0.13389243333790779,"(0, 4)",Trae Young,MISSED
383,Russell Westbrook,-3.1310551199986159,1.3589223394842918,"(0, 4)",Seth Curry,MISSED
384,Russell Westbrook,3.3862645105500797,0.71330264804849075,"(0, 4)",Chris Paul,MISSED
385,Russell Westbrook,2.2525896736749704,2.1965738764512244,"(0, 4)",Chris Paul,MISSED
386,Russell Westbrook,-3.4628805671407723,0.86460692281427254,"(0, 4)",Chris Paul,MISSED
387,Russell Westbrook,-0.065815459218365277,3.7043063823034341,"(0, 4)",Trae Young,MISSED
388,Russell Westbrook,7.9257334052607007,3.0724423189404182,"(5, 9)",Chris Paul,MADE
389,Russell Westbrook,-1.229608898389583,5.0343865869612845,"(5, 9)",Seth Curry,MISSED
390,Russell Westbrook,5.95120685551852,1.662453176969706,"(5, 9)",Trae Young,MISSED
391,Russell Westbrook,-7.5494461283057213,3.5369608100431176,"(5, 9)",Seth Curry,MISSED
392,Russell Westbrook,-4.8598256696921185,6.5383806590766218,"(5, 9)",Chris Paul,MISSED
393,Russell Westbrook,6.6121336104671702,2.7834157656994023,"(5, 9)",Trae Young,MISSED
394,Russell Westbrook,4.5414189402568219,7.3244311088303329,"(5, 9)",Trae Young,MISSED
395,Russell Westbrook,6.604696736628096,3.4716163679740366,"(5, 9)",Chris Paul,MISSED
396,Russell Westbrook,-7.3826323670318343,4.9046128715125032,"(5, 9)",Trae Young,MISSED
397,Russell Westbrook,10.377305495554529,5.5767989203497326,"(10, 14)",Trae Young,MADE
398,Russell Westbrook,-2.9067608384900478,13.61568834187459,"(10, 14)",Trae Young,MADE
399,Russell Westbrook,1.3366347862691463,13.013054882734282,"(10, 14)",Trae Young,MADE
400,Russell Westbrook,7.8207926158134002,11.026338461298398,"(10, 14)",Trae Young,MADE
401,Russell Westbrook,-2.9097867199440803,11.989558046494523,"(10, 14)",Chris Paul,MISSED
402,Russell Westbrook,1.9259740288994109,12.588683822309015,"(10, 14)",Chris Paul,MISSED
403,Russell Westbrook,10.694437349448927,11.777437821486178,"(15, 19)",Seth Curry,MADE
404,Russell Westbrook,15.684971713899664,10.07197258347246,"(15, 19)",Seth Curry,MADE
405,Russell Westbrook,13.742130156207791,12.9051491982922,"(15, 19)",Trae Young,MADE
406,Russell Westbrook,-5.6855773019104721,15.360064940684637,"(15, 19)",Trae Young,MADE
407,Russell Westbrook,18.224474552111495,5.35482261058673,"(15, 19)",Chris Paul,MADE
408,Russell Westbrook,15.949995571672201,5.2699153931115017,"(15, 19)",Chris Paul,MADE
409,Russell Westbrook,-15.861108172413626,8.7262109879971543,"(15, 19)",Chris Paul,MADE
410,Russell Westbrook,17.543807904575385,3.3455424189287886,"(15, 19)",Trae Young,MADE
411,Russell Westbrook,-16.307865377871988,2.9434428078914285,"(15, 19)",Seth Curry,MISSED
412,Russell Westbrook,11.76443561737644,11.41998065361101,"(15, 19)",Seth Curry,MISSED
413,Russell Westbrook,18.598018055953037,0.99284747072939328,"(15, 19)",Chris Paul,MISSED
414,Russell Westbrook,-16.088383239934384,8.5639639335897879,"(15, 19)",Seth Curry,MISSED
415,Russell Westbrook,-4.4047044394239299,18.106663840232407,"(15, 19)",Chris Paul,MISSED
416,Russell Westbrook,-9.0212304408606432,16.005449687317657,"(15, 19)",Chris Paul,MISSED
417,Russell Westbrook,-16.00238002748247,9.6093624371916651,"(15, 19)",Chris Paul,MISSED
418,Russell Westbrook,14.599223158297656,10.358934233501454,"(15, 19)",Trae Young,MISSED
419,Russell Westbrook,-13.521784368031392,12.129457623671724,"(15, 19)",Chris Paul,MISSED
420,Russell Westbrook,-13.319082361745386,13.540337691384476,"(15, 19)",Chris Paul,MISSED
421,Russell Westbrook,-3.4063559177604801,15.48062456208285,"(15, 19)",Trae Young,MISSED
422,Russell Westbrook,0.48597494811624853,18.622572394909636,"(15, 19)",Chris Paul,MISSED
423,Russell Westbrook,5.0990714075925947,17.263281370993894,"(15, 19)",Trae Young,MISSED
424,Russell Westbrook,13.74909126853942,12.941306014230239,"(15, 19)",Trae Young,MISSED
425,Russell Westbrook,-3.4768874053637666,15.884519984081457,"(15, 19)",Seth Curry,MISSED
426,Russell Westbrook,10.595125827934066,18.816297651109942,"(20, 24)",Trae Young,MADE
427,Russell Westbrook,-4.4485570624496731,23.105612610122197,"(20, 24)",Seth Curry,MISSED
428,Russell Westbrook,23.634204879985706,2.7653715562124366,"(20, 24)",Seth Curry,MISSED
429,Russell Westbrook,-22.38749128711607,6.5954559716706447,"(20, 24)",Chris Paul,MISSED
430,Russell Westbrook,16.880907780610212,13.921812762888086,"(20, 24)",Seth Curry,MISSED
431,Russell Westbrook,-16.591352555316433,17.228118911076862,"(20, 24)",Chris Paul,MISSED
432,Russell Westbrook,3.7619310209159047,22.470831716013581,"(20, 24)",Seth Curry,MISSED
433,Russell Westbrook,-13.834180168972273,25.165740094072596,"(25, 29)",Trae Young,MADE
434,Russell Westbrook,-26.256713017627192,6.5745004158265834,"(25, 29)",Chris Paul,MADE
435,Russell Westbrook,-26.135633606011371,10.60137167964705,"(25, 29)",Trae Young,MADE
436,Russell Westbrook,21.367442602952856,17.749531032803805,"(25, 29)",Seth Curry,MADE
437,Russell Westbrook,23.432222574404094,16.000546212675598,"(25, 29)",Seth Curry,MISSED
438,Russell Westbrook,27.167919705719427,6.9847198819600615,"(25, 29)",Chris Paul,MISSED
439,Russell Westbrook,24.364714945116109,11.696198173143713,"(25, 29)",Seth Curry,MISSED
440,Russell Westbrook,-5.3262582756602086,26.947323411371666,"(25, 29)",Chris Paul,MISSED
441,Russell Westbrook,20.217842304742653,18.88087202976488,"(25, 29)",Seth Curry,MISSED
442,Russell Westbrook,12.50174868617402,24.767454913708143,"(25, 29)",Chris Paul,MISSED
443,Russell Westbrook,16.70241683567108,20.645434002756595,"(25, 29)",Seth Curry,MISSED
444,Russell Westbrook,21.437695618945373,19.347148633196394,"(25, 29)",Chris Paul,MISSED
445,Russell Westbrook,2.2923763088775599,28.226691090176782,"(25, 29)",Chris Paul,MISSED
446,Russell Westbrook,-12.764536752505771,24.107872698225378,"(25, 29)",Trae Young,MISSED
447,Trae Young,-2.7331846015549592,1.5199251346412672,"(0, 4)",Chris Paul,MADE
448,Trae Young,-0.28309589123541939,2.587251916525076,"(0, 4)",Seth Curry,MADE
449,Trae Young,2.2200877123365497,2.1760178933116161,"(0, 4)",Seth Curry,MADE
450,Trae Young,-3.3474035740413921,0.35187907206612468,"(0, 4)",Chris Paul,MADE
451,Trae Young,0.37114490693566993,2.1978315264925401,"(0, 4)",Chris Paul,MADE
452,Trae Young,3.2966922741254083,2.1657333293736842,"(0, 4)",Chris Paul,MADE
453,Trae Young,2.1689079268438745,1.2986543574246678,"(0, 4)",Seth Curry,MADE
454,Trae Young,-0.94091188428793915,2.4728222296367917,"(0, 4)",Russell Westbrook,MADE
455,Trae Young,2.5288162866775115,1.7830511492102576,"(0, 4)",Chris Paul,MADE
456,Trae Young,3.3317263104459607,0.27238398345950005,"(0, 4)",Chris Paul,MADE
457,Trae Young,3.0753665820616645,0.95309588137182888,"(0, 4)",Chris Paul,MADE
458,Trae Young,-1.4328688487669952,1.079081140883454,"(0, 4)",Russell Westbrook,MADE
459,Trae Young,2.0918782519631436,0.4680078718677278,"(0, 4)",Seth Curry,MADE
460,Trae Young,2.9814448742925519,2.1307776499122189,"(0, 4)",Chris Paul,MADE
461,Trae Young,-0.085177656232987509,1.3845036437547573,"(0, 4)",Russell Westbrook,MADE
462,Trae Young,-1.9561502857928028,0.84779132422474557,"(0, 4)",Seth Curry,MADE
463,Trae Young,1.3277106959865397,2.8654354553963621,"(0, 4)",Chris Paul,MADE
464,Trae Young,0.48657910192311027,3.1583713212610327,"(0, 4)",Russell Westbrook,MADE
465,Trae Young,1.955305967290391,2.4502806281718628,"(0, 4)",Chris Paul,MADE
466,Trae Young,-2.3460992160268286,1.0879604222956805,"(0, 4)",Russell Westbrook,MADE
467,Trae Young,1.4896381398436134,2.7305352149735498,"(0, 4)",Seth Curry,MADE
468,Trae Young,1.8950855415374981,2.9856795606072892,"(0, 4)",Chris Paul,MADE
469,Trae Young,3.5807512377331721,0.60716888455316753,"(0, 4)",Seth Curry,MADE
470,Trae Young,0.86067391113093705,1.8406486292836488,"(0, 4)",Seth Curry,MADE
471,Trae Young,3.1092786934760532,1.1699888520874848,"(0, 4)",Chris Paul,MADE
472,Trae Young,3.3905286492844922,0.76277224764891216,"(0, 4)",Chris Paul,MADE
473,Trae Young,1.037187852124053,3.1433008404773992,"(0, 4)",Russell Westbrook,MADE
474,Trae Young,-0.2197559145016153,1.9099598252732557,"(0, 4)",Seth Curry,MADE
475,Trae Young,-0.74875576567853075,1.0719472867747875,"(0, 4)",Russell Westbrook,MADE
476,Trae Young,-2.3837440228867939,2.6139774206574624,"(0, 4)",Russell Westbrook,MADE
477,Trae Young,-0.59292254294357105,1.0663635100501341,"(0, 4)",Chris Paul,MADE
478,Trae Young,-2.0287850645694645,1.8045815883375222,"(0, 4)",Russell Westbrook,MADE
479,Trae Young,-0.98679311445411111,3.7106049019820584,"(0, 4)",Seth Curry,MADE
480,Trae Young,1.2144340383427952,1.103695337083596,"(0, 4)",Chris Paul,MISSED
481,Trae Young,-2.1924335156006047,2.2998670429147698,"(0, 4)",Russell Westbrook,MISSED
482,Trae Young,-0.69126549072770382,0.53542820006092728,"(0, 4)",Seth Curry,MISSED
483,Trae Young,0.69412967632305345,2.5487122689270767,"(0, 4)",Seth Curry,MISSED
484,Trae Young,0.56975711564297749,1.2749327062206985,"(0, 4)",Seth Curry,MISSED
485,Trae Young,-1.3284281662804238,3.0556756239694871,"(0, 4)",Russell Westbrook,MISSED
486,Trae Young,-2.6088745229198853,1.7170590867775193,"(0, 4)",Chris Paul,MISSED
487,Trae Young,-0.59745716237893143,2.1506977648342649,"(0, 4)",Seth Curry,MISSED
488,Trae Young,3.0950287086310113,1.9359262401478474,"(0, 4)",Russell Westbrook,MISSED
489,Trae Young,0.98686566967353873,2.8813159248719962,"(0, 4)",Chris Paul,MISSED
490,Trae Young,0.22136652053498071,2.0947770816661255,"(0, 4)",Russell Westbrook,MISSED
491,Trae Young,-2.8306321520031452,2.8081127686320864,"(0, 4)",Russell Westbrook,MISSED
492,Trae Young,1.3286210465602333,1.9429804828118804,"(0, 4)",Chris Paul,MISSED
493,Trae Young,3.5466257474623895,1.8189373974235274,"(0, 4)",Seth Curry,MISSED
494,Trae Young,0.46242042083598228,3.8964880202011538,"(0, 4)",Chris Paul,MISSED
495,Trae Young,2.6540421387859103,0.4987032794282994,"(0, 4)",Russell Westbrook,MISSED
496,Trae Young,0.60763429340414321,1.3792689353595162,"(0, 4)",Chris Paul,MISSED
497,Trae Young,-1.6047117888672024,2.3671349832941839,"(0, 4)",Russell Westbrook,MISSED
498,Trae Young,-3.9655254218936125,0.52085317843862933,"(0, 4)",Chris Paul,MISSED
499,Trae Young,-0.69081616027898718,0.60738853465458686,"(0, 4)",Seth Curry,MISSED
500,Trae Young,3.723969905459255,0.59318728135281162,"(0, 4)",Seth Curry,MISSED
501,Trae Young,-2.7527181959501994,1.2455162142323897,"(0, 4)",Russell Westbrook,MISSED
502,Trae Young,-0.6746605896645792,0.6678384947493301,"(0, 4)",Russell Westbrook,MISSED
503,Trae Young,-2.6273950643117865,2.7051252958707268,"(0, 4)",Seth Curry,MISSED
504,Trae Young,1.2164383609486691,1.3904993301220516,"(0, 4)",Russell Westbrook,MISSED
505,Trae Young,2.7659960548834874,0.81687475314171176,"(0, 4)",Russell Westbrook,MISSED
506,Trae Young,3.3504648417495146,1.6845334388510986,"(0, 4)",Chris Paul,MISSED
507,Trae Young,1.9511917764224662,1.5662784725017818,"(0, 4)",Chris Paul,MISSED
508,Trae Young,-0.069058495664711853,2.988924910958124,"(0, 4)",Russell Westbrook,MISSED
509,Trae Young,-3.2632009646640623,0.20850477640194159,"(0, 4)",Seth Curry,MISSED
510,Trae Young,5.1336993486525726,6.7702100405691725,"(5, 9)",Chris Paul,MADE
511,Trae Young,7.8456959106834647,1.8818869159916956,"(5, 9)",Chris Paul,MADE
512,Trae Young,8.5948156715757964,0.54565266147408775,"(5, 9)",Seth Curry,MADE
513,Trae Young,6.9601148521109488,2.5012731779424051,"(5, 9)",Seth Curry,MADE
514,Trae Young,4.7137078160769548,6.2708367359499482,"(5, 9)",Russell Westbrook,MADE
515,Trae Young,-7.0939809510838892,2.2440102022353137,"(5, 9)",Seth Curry,MADE
516,Trae Young,-6.5744840108710525,0.33568079952671187,"(5, 9)",Seth Curry,MADE
517,Trae Young,6.5009781866113059,1.6961896851657474,"(5, 9)",Seth Curry,MADE
518,Trae Young,4.4156393053573932,5.5408666651715777,"(5, 9)",Seth Curry,MADE
519,Trae Young,2.4836464292637159,8.6485252785556384,"(5, 9)",Seth Curry,MADE
520,Trae Young,7.7207892523117394,3.9061586749393022,"(5, 9)",Seth Curry,MADE
521,Trae Young,-1.4749809488838239,8.1250326757529479,"(5, 9)",Russell Westbrook,MADE
522,Trae Young,6.4734310658756664,1.912250242867765,"(5, 9)",Chris Paul,MADE
523,Trae Young,1.289105217147978,5.7330650805454111,"(5, 9)",Russell Westbrook,MADE
524,Trae Young,-7.8810059971127853,2.4384673415314175,"(5, 9)",Seth Curry,MADE
525,Trae Young,1.8140690162951694,8.5727793740850018,"(5, 9)",Russell Westbrook,MADE
526,Trae Young,2.62760891695984,8.4991961611285909,"(5, 9)",Chris Paul,MADE
527,Trae Young,-7.0258772725759133,2.3953954199287586,"(5, 9)",Chris Paul,MADE
528,Trae Young,1.9219658561374062,6.8760359397242254,"(5, 9)",Seth Curry,MADE
529,Trae Young,-3.0186018505778196,8.026061956411624,"(5, 9)",Chris Paul,MADE
530,Trae Young,0.36577134607804346,7.4811320815948834,"(5, 9)",Chris Paul,MADE
531,Trae Young,-8.0306874559416777,1.2590744866251626,"(5, 9)",Chris Paul,MADE
532,Trae Young,0.24075577820947797,8.4361842957628035,"(5, 9)",Chris Paul,MADE
533,Trae Young,-7.8331836189165491,0.95371157871124601,"(5, 9)",Seth Curry,MADE
534,Trae Young,-5.177271537874236,5.5259751267766557,"(5, 9)",Seth Curry,MADE
535,Trae Young,8.1587649510314204,2.6197349856817205,"(5, 9)",Russell Westbrook,MISSED
536,Trae Young,3.0963497254399628,6.3369749338653953,"(5, 9)",Chris Paul,MISSED
537,Trae Young,-6.511059561477941,1.2349578172460782,"(5, 9)",Seth Curry,MISSED
538,Trae Young,-2.448112136480916,7.6260756205417657,"(5, 9)",Russell Westbrook,MISSED
539,Trae Young,3.3104129652972558,7.8286490098770951,"(5, 9)",Russell Westbrook,MISSED
540,Trae Young,4.3147919283830696,7.7262360502780982,"(5, 9)",Russell Westbrook,MISSED
541,Trae Young,4.959726085257592,5.6089475003777736,"(5, 9)",Russell Westbrook,MISSED
542,Trae Young,-8.5326983749854595,0.5668575788443857,"(5, 9)",Chris Paul,MISSED
543,Trae Young,4.4843503646141585,2.7735510127500991,"(5, 9)",Seth Curry,MISSED
544,Trae Young,8.0055887747066468,0.37173527276858886,"(5, 9)",Russell Westbrook,MISSED
545,Trae Young,7.680935941392117,3.8627204586419288,"(5, 9)",Seth Curry,MISSED
546,Trae Young,4.2519919812114813,7.3820670535540884,"(5, 9)",Russell Westbrook,MISSED
547,Trae Young,-1.9873497775331548,8.753715001728537,"(5, 9)",Chris Paul,MISSED
548,Trae Young,-7.5913177013268616,2.7429260973689615,"(5, 9)",Russell Westbrook,MISSED
549,Trae Young,5.5900061067952995,6.4662147835252402,"(5, 9)",Chris Paul,MISSED
550,Trae Young,3.0030684334276478,6.5716798885058259,"(5, 9)",Seth Curry,MISSED
551,Trae Young,6.9546756033445813,4.8637999502049674,"(5, 9)",Seth Curry,MISSED
552,Trae Young,6.5606007712284553,6.0323063074127905,"(5, 9)",Seth Curry,MISSED
553,Trae Young,1.4248739792963079,8.3672817327347762,"(5, 9)",Chris Paul,MISSED
554,Trae Young,1.3226486372876727,7.2969203693663891,"(5, 9)",Russell Westbrook,MISSED
555,Trae Young,-0.52288959326199069,6.7862280913301634,"(5, 9)",Chris Paul,MISSED
556,Trae Young,6.6309459379726254,2.4815179833040837,"(5, 9)",Chris Paul,MISSED
557,Trae Young,-0.1270508421561809,6.0718719554835339,"(5, 9)",Russell Westbrook,MISSED
558,Trae Young,3.9294164753077303,7.9425529144169493,"(5, 9)",Seth Curry,MISSED
559,Trae Young,-5.632000780172393,6.0875139083486038,"(5, 9)",Russell Westbrook,MISSED
560,Trae Young,0.9643595936338808,5.7675788048160221,"(5, 9)",Seth Curry,MISSED
561,Trae Young,-0.092206019194983571,6.4889823196457534,"(5, 9)",Chris Paul,MISSED
562,Trae Young,6.5072084912699406,3.949001500091911,"(5, 9)",Chris Paul,MISSED
563,Trae Young,8.7979068886050893,10.811353456610657,"(10, 14)",Chris Paul,MADE
564,Trae Young,5.174932687422328,9.9964251832717643,"(10, 14)",Chris Paul,MADE
565,Trae Young,-12.704558177093896,4.0321977316389876,"(10, 14)",Seth Curry,MADE
566,Trae Young,-5.7489736743670345,9.8933110996597513,"(10, 14)",Chris Paul,MADE
567,Trae Young,-6.0089644373153286,9.700166228549234,"(10, 14)",Chris Paul,MADE
568,Trae Young,2.1068393041543256,13.137164500173762,"(10, 14)",Russell Westbrook,MADE
569,Trae Young,-12.467507561589649,4.6402799480501331,"(10, 14)",Chris Paul,MADE
570,Trae Young,2.5170263399102462,13.441695228768832,"(10, 14)",Seth Curry,MADE
571,Trae Young,-6.8368613893993118,9.4315199577974482,"(10, 14)",Seth Curry,MADE
572,Trae Young,-10.384315915477204,8.8650189121008438,"(10, 14)",Seth Curry,MADE
573,Trae Young,-8.8766281037960031,9.2461547581233923,"(10, 14)",Chris Paul,MADE
574,Trae Young,0.13356938468132856,12.519285737473338,"(10, 14)",Seth Curry,MADE
575,Trae Young,11.09880816825693,5.1410993877123268,"(10, 14)",Russell Westbrook,MADE
576,Trae Young,13.831683871396137,1.2312934513378881,"(10, 14)",Russell Westbrook,MADE
577,Trae Young,-11.448726433885241,0.92227660060268057,"(10, 14)",Seth Curry,MADE
578,Trae Young,11.92204479837538,3.2814294895106992,"(10, 14)",Chris Paul,MADE
579,Trae Young,0.80644520453948587,12.888867855813196,"(10, 14)",Chris Paul,MADE
580,Trae Young,-12.740233095295501,0.60364546413787967,"(10, 14)",Chris Paul,MADE
581,Trae Young,1.1533829985272686,13.002324418585788,"(10, 14)",Chris Paul,MADE
582,Trae Young,-12.358809845077577,6.4224639917039958,"(10, 14)",Seth Curry,MADE
583,Trae Young,11.51824368491282,3.6306972320723245,"(10, 14)",Chris Paul,MADE
584,Trae Young,11.385728258675758,3.662616859786167,"(10, 14)",Chris Paul,MADE
585,Trae Young,1.6938475833655906,13.050300907093565,"(10, 14)",Chris Paul,MADE
586,Trae Young,-12.193273082607123,6.3722800252254688,"(10, 14)",Chris Paul,MADE
587,Trae Young,-13.000355789228662,2.2198955226375561,"(10, 14)",Seth Curry,MADE
588,Trae Young,-3.1331678926209632,11.540441336333112,"(10, 14)",Chris Paul,MADE
589,Trae Young,1.1744233038224048,13.686466639257683,"(10, 14)",Chris Paul,MADE
590,Trae Young,-2.574893250400486,13.398595512165683,"(10, 14)",Chris Paul,MADE
591,Trae Young,-5.4807079958934599,11.722472255758326,"(10, 14)",Seth Curry,MADE
592,Trae Young,-1.2340297043412585,12.86724600791813,"(10, 14)",Chris Paul,MISSED
593,Trae Young,-12.544794706223461,3.6906463877464786,"(10, 14)",Seth Curry,MISSED
594,Trae Young,-11.05217992263249,5.2488231856758247,"(10, 14)",Seth Curry,MISSED
595,Trae Young,-12.24848920397576,0.27960627775774394,"(10, 14)",Russell Westbrook,MISSED
596,Trae Young,-10.965364990919463,6.0803891051732037,"(10, 14)",Chris Paul,MISSED
597,Trae Young,9.2621426593318166,9.6819411521252263,"(10, 14)",Seth Curry,MISSED
598,Trae Young,-13.348913914981612,1.8266845347728449,"(10, 14)",Russell Westbrook,MISSED
599,Trae Young,-2.2072478536024414,10.785316705325467,"(10, 14)",Chris Paul,MISSED
600,Trae Young,13.726807214460013,2.0116515506181551,"(10, 14)",Seth Curry,MISSED
601,Trae Young,-11.551525364949345,5.8196341557660674,"(10, 14)",Chris Paul,MISSED
602,Trae Young,-11.860063930023221,0.70651990997242975,"(10, 14)",Russell Westbrook,MISSED
603,Trae Young,8.685217406672507,9.8189686795278845,"(10, 14)",Seth Curry,MISSED
604,Trae Young,7.1624274518203288,11.409534655140295,"(10, 14)",Russell Westbrook,MISSED
605,Trae Young,-11.714180964958839,3.7692157940648641,"(10, 14)",Russell Westbrook,MISSED
606,Trae Young,-11.539922691297374,7.1108486995895381,"(10, 14)",Chris Paul,MISSED
607,Trae Young,13.084705378257,1.5863752385976375,"(10, 14)",Russell Westbrook,MISSED
608,Trae Young,12.453335112939349,4.2758764815770514,"(10, 14)",Russell Westbrook,MISSED
609,Trae Young,12.931639531621256,0.48937653825889299,"(10, 14)",Seth Curry,MISSED
610,Trae Young,-6.9251540786747263,12.092577513115927,"(10, 14)",Seth Curry,MISSED
611,Trae Young,-6.9849211515885523,11.458497793688876,"(10, 14)",Chris Paul,MISSED
612,Trae Young,-7.7377294841650679,10.241988863405485,"(10, 14)",Russell Westbrook,MISSED
613,Trae Young,-12.099789307702681,0.59104222277999052,"(10, 14)",Russell Westbrook,MISSED
614,Trae Young,11.598750377483917,0.81445912979874913,"(10, 14)",Chris Paul,MISSED
615,Trae Young,-10.814516510173741,7.2292101875989863,"(10, 14)",Seth Curry,MISSED
616,Trae Young,-8.4460564252963355,7.8100890506352743,"(10, 14)",Russell Westbrook,MISSED
617,Trae Young,9.1870912629009496,5.5967564757337751,"(10, 14)",Russell Westbrook,MISSED
618,Trae Young,-6.9256046661621875,10.388034802996877,"(10, 14)",Russell Westbrook,MISSED
619,Trae Young,-10.02740955376456,8.8144937172367062,"(10, 14)",Seth Curry,MISSED
620,Trae Young,-8.9692679769868739,8.1391531215780759,"(10, 14)",Russell Westbrook,MISSED
621,Trae Young,5.0170506150754299,12.557337926890449,"(10, 14)",Chris Paul,MISSED
622,Trae Young,15.822873216144751,3.2792996975176787,"(15, 19)",Russell Westbrook,MADE
623,Trae Young,-4.0247687495308275,18.106295892592843,"(15, 19)",Chris Paul,MADE
624,Trae Young,5.4170842578294698,17.434229952237523,"(15, 19)",Chris Paul,MADE
625,Trae Young,-11.954887761288193,13.369921575710549,"(15, 19)",Chris Paul,MADE
626,Trae Young,-14.940555788257978,7.6575820817541027,"(15, 19)",Chris Paul,MADE
627,Trae Young,-0.47545274690212302,17.747804199892609,"(15, 19)",Chris Paul,MADE
628,Trae Young,12.622290959181898,13.943107670607832,"(15, 19)",Seth Curry,MADE
629,Trae Young,17.875817783551174,5.0889486834188116,"(15, 19)",Seth Curry,MADE
630,Trae Young,17.05336824968775,2.1458575611858133,"(15, 19)",Chris Paul,MADE
631,Trae Young,-2.5543830049968004,17.497697240901086,"(15, 19)",Russell Westbrook,MADE
632,Trae Young,-16.940212621819771,2.5689279485347969,"(15, 19)",Seth Curry,MISSED
633,Trae Young,-12.083583111354812,11.760199409025788,"(15, 19)",Chris Paul,MISSED
634,Trae Young,-17.44529189207919,2.6217949429885592,"(15, 19)",Russell Westbrook,MISSED
635,Trae Young,3.3976983654156903,17.722467023814779,"(15, 19)",Russell Westbrook,MISSED
636,Trae Young,8.5983064549247921,16.864703540952057,"(15, 19)",Russell Westbrook,MISSED
637,Trae Young,-13.140212276534388,7.5443064831193869,"(15, 19)",Russell Westbrook,MISSED
638,Trae Young,12.395296902578158,12.584299403283353,"(15, 19)",Chris Paul,MISSED
639,Trae Young,-2.3694427670708622,18.521631893431039,"(15, 19)",Seth Curry,MISSED
640,Trae Young,-12.048233335360125,13.614177897971862,"(15, 19)",Russell Westbrook,MISSED
641,Trae Young,7.1064836024542171,15.041071305030169,"(15, 19)",Russell Westbrook,MISSED
642,Trae Young,13.101484880027222,13.709149714945495,"(15, 19)",Chris Paul,MISSED
643,Trae Young,-7.1222888143664589,15.358529426286838,"(15, 19)",Russell Westbrook,MISSED
644,Trae Young,2.351855360123003,16.70248937726798,"(15, 19)",Russell Westbrook,MISSED
645,Trae Young,-18.552605644647667,3.6408099286470512,"(15, 19)",Chris Paul,MISSED
646,Trae Young,2.0903402187652573,22.310880665719036,"(20, 24)",Russell Westbrook,MADE
647,Trae Young,-18.4934385686525,9.2285147978644542,"(20, 24)",Russell Westbrook,MADE
648,Trae Young,-4.2138584672071344,22.936665580911079,"(20, 24)",Chris Paul,MADE
649,Trae Young,-22.630213995120027,6.9765120848895457,"(20, 24)",Russell Westbrook,MADE
650,Trae Young,22.12104506426239,5.073227348296478,"(20, 24)",Chris Paul,MADE
651,Trae Young,22.726533759066594,6.7762775538046283,"(20, 24)",Chris Paul,MADE
652,Trae Young,-21.739993908680855,4.0195864283341658,"(20, 24)",Chris Paul,MADE
653,Trae Young,20.038554746593253,12.101815042921105,"(20, 24)",Russell Westbrook,MADE
654,Trae Young,16.333840213842947,12.200023221300004,"(20, 24)",Chris Paul,MADE
655,Trae Young,-19.756403768063841,12.916216528071949,"(20, 24)",Seth Curry,MADE
656,Trae Young,21.937404824181375,7.5753705220449135,"(20, 24)",Seth Curry,MADE
657,Trae Young,-20.175742898675058,8.1950065447241425,"(20, 24)",Chris Paul,MADE
658,Trae Young,-10.548973434958636,20.606017006235007,"(20, 24)",Seth Curry,MADE
659,Trae Young,12.173894844828364,18.178710273841183,"(20, 24)",Chris Paul,MADE
660,Trae Young,12.501306432972346,17.812991442854557,"(20, 24)",Chris Paul,MISSED
661,Trae Young,19.708343354505843,11.187016556285311,"(20, 24)",Russell Westbrook,MISSED
662,Trae Young,-15.877846475888711,17.627815982255033,"(20, 24)",Chris Paul,MISSED
663,Trae Young,-20.325334227637903,12.750627555944202,"(20, 24)",Russell Westbrook,MISSED
664,Trae Young,8.7099874528272618,21.789917926964243,"(20, 24)",Seth Curry,MISSED
665,Trae Young,23.372755742868055,4.9525292644376915,"(20, 24)",Chris Paul,MISSED
666,Trae Young,16.680449326148977,14.913668429380861,"(20, 24)",Seth Curry,MISSED
667,Trae Young,-23.101983334097415,6.3888259143718544,"(20, 24)",Russell Westbrook,MISSED
668,Trae Young,-0.23717633583198192,23.091387176344753,"(20, 24)",Russell Westbrook,MISSED
669,Trae Young,20.576089940069895,10.904100997639873,"(20, 24)",Chris Paul,MISSED
670,Trae Young,-22.03940187248941,4.5049965652982582,"(20, 24)",Seth Curry,MISSED
671,Trae Young,20.651170987273638,11.491784755463913,"(20, 24)",Seth Curry,MISSED
672,Trae Young,-19.781216071636813,3.9325377623511799,"(20, 24)",Seth Curry,MISSED
673,Trae Young,13.262450120141304,19.474328367078279,"(20, 24)",Seth Curry,MISSED
674,Trae Young,12.447930025624702,19.875669188977533,"(20, 24)",Seth Curry,MISSED
675,Trae Young,-20.649734405365983,9.2921767659143502,"(20, 24)",Chris Paul,MISSED
676,Trae Young,-0.14206564333856084,22.879460984398545,"(20, 24)",Seth Curry,MISSED
677,Trae Young,24.117569844122638,14.066937698682191,"(25, 29)",Russell Westbrook,MADE
678,Trae Young,-9.4119020389917978,26.804030318824701,"(25, 29)",Russell Westbrook,MADE
679,Trae Young,25.573803965805027,9.2878867663260554,"(25, 29)",Russell Westbrook,MADE
680,Trae Young,-26.505442271345778,0.89569458863730445,"(25, 29)",Chris Paul,MADE
681,Trae Young,-22.636727485089015,12.064891006359542,"(25, 29)",Seth Curry,MADE
682,Trae Young,24.767550747320414,11.956274081813451,"(25, 29)",Chris Paul,MADE
683,Trae Young,-26.825586732463144,5.3086290498378892,"(25, 29)",Seth Curry,MADE
684,Trae Young,-28.565976164780789,4.9090545799753302,"(25, 29)",Seth Curry,MADE
685,Trae Young,15.549466241295564,23.641011292743951,"(25, 29)",Chris Paul,MADE
686,Trae Young,-2.0342363785757227,27.038220001180779,"(25, 29)",Seth Curry,MADE
687,Trae Young,27.006987749866816,4.3740101255647081,"(25, 29)",Chris Paul,MADE
688,Trae Young,-25.805100878030238,6.8927416418895788,"(25, 29)",Russell Westbrook,MADE
689,Trae Young,-24.675599136049765,6.831564425014772,"(25, 29)",Seth Curry,MADE
690,Trae Young,-27.426111951811531,1.1335049102051813,"(25, 29)",Seth Curry,MADE
691,Trae Young,15.430518254274073,21.530191433447619,"(25, 29)",Chris Paul,MADE
692,Trae Young,27.095312997371959,3.2236509527231028,"(25, 29)",Russell Westbrook,MADE
693,Trae Young,26.355504541954929,11.179933702708308,"(25, 29)",Chris Paul,MADE
694,Trae Young,27.500288819148789,9.0535803565848152,"(25, 29)",Russell Westbrook,MADE
695,Trae Young,-4.2452994500741488,28.001030550674717,"(25, 29)",Seth Curry,MADE
696,Trae Young,-27.029729787285095,7.4665766903329978,"(25, 29)",Chris Paul,MADE
697,Trae Young,20.913019261879477,19.888580153558934,"(25, 29)",Chris Paul,MADE
698,Trae Young,16.578419122428986,21.787065065430905,"(25, 29)",Chris Paul,MADE
699,Trae Young,-24.362822209631425,11.232521515778346,"(25, 29)",Chris Paul,MADE
700,Trae Young,16.473361848485553,21.542632188674467,"(25, 29)",Chris Paul,MADE
701,Trae Young,14.077942649405651,24.807462275459045,"(25, 29)",Russell Westbrook,MADE
702,Trae Young,18.313252028692737,20.934704257277232,"(25, 29)",Chris Paul,MADE
703,Trae Young,-7.3021602950212845,27.049806082678504,"(25, 29)",Chris Paul,MADE
704,Trae Young,12.000009575484668,25.544577453647769,"(25, 29)",Chris Paul,MADE
705,Trae Young,-12.651343486694381,26.059621128329081,"(25, 29)",Russell Westbrook,MADE
706,Trae Young,27.431817936997799,7.4460909584080719,"(25, 29)",Seth Curry,MADE
707,Trae Young,-15.255063012869407,23.956935349599426,"(25, 29)",Russell Westbrook,MADE
708,Trae Young,11.2048359685554,23.197672308947325,"(25, 29)",Seth Curry,MISSED
709,Trae Young,25.279810385277784,13.210707117384347,"(25, 29)",Russell Westbrook,MISSED
710,Trae Young,22.079391012476346,17.061476153078893,"(25, 29)",Russell Westbrook,MISSED
711,Trae Young,-5.4798933450358547,25.404620502684647,"(25, 29)",Russell Westbrook,MISSED
712,Trae Young,-3.6738737370421548,27.506219801904813,"(25, 29)",Seth Curry,MISSED
713,Trae Young,-27.680176079412597,5.7132983540386189,"(25, 29)",Chris Paul,MISSED
714,Trae Young,26.775551533968329,7.0515557595269565,"(25, 29)",Russell Westbrook,MISSED
715,Trae Young,-28.122666252403953,1.6592291414568765,"(25, 29)",Russell Westbrook,MISSED
716,Trae Young,26.043360895742293,11.199160070317003,"(25, 29)",Russell Westbrook,MISSED
717,Trae Young,12.343291476129371,26.003215889916067,"(25, 29)",Seth Curry,MISSED
718,Trae Young,-22.29778897087564,16.302899630307333,"(25, 29)",Russell Westbrook,MISSED
719,Trae Young,22.498081874973565,14.860888416807303,"(25, 29)",Russell Westbrook,MISSED
720,Trae Young,15.687541350412255,23.775985217314517,"(25, 29)",Russell Westbrook,MISSED
721,Trae Young,-20.383903075281594,17.742719732316548,"(25, 29)",Seth Curry,MISSED
722,Trae Young,10.873111700226998,25.308603748865906,"(25, 29)",Russell Westbrook,MISSED
723,Trae Young,-24.524151111451399,15.282808079121672,"(25, 29)",Seth Curry,MISSED
724,Trae Young,-9.9539605670250442,27.129114562157614,"(25, 29)",Seth Curry,MISSED
725,Trae Young,26.973331727367032,5.97572348152688,"(25, 29)",Chris Paul,MISSED
726,Trae Young,-19.509127680873473,21.371048145979739,"(25, 29)",Russell Westbrook,MISSED
727,Trae Young,-15.823397129067079,22.557905648975005,"(25, 29)",Seth Curry,MISSED
728,Trae Young,-9.006896053832568,25.471859883590312,"(25, 29)",Chris Paul,MISSED
729,Trae Young,28.316185390088609,2.4784558056450257,"(25, 29)",Seth Curry,MISSED
730,Trae Young,26.252491412296681,8.1788595176295278,"(25, 29)",Chris Paul,MISSED
731,Trae Young,-20.198782718386344,16.819460568579103,"(25, 29)",Chris Paul,MISSED
732,Trae Young,-7.1131148653700169,26.065202846953358,"(25, 29)",Russell Westbrook,MISSED
733,Trae Young,-25.907859669808541,11.256641848141479,"(25, 29)",Chris Paul,MISSED
734,Trae Young,7.2579239137658691,27.354598821697422,"(25, 29)",Chris Paul,MISSED
735,Trae Young,-7.2889475887371065,25.33746839632672,"(25, 29)",Russell Westbrook,MISSED
736,Trae Young,12.232019511039573,25.303358511848778,"(25, 29)",Chris Paul,MISSED
737,Trae Young,0.68504481239852122,26.372713266573577,"(25, 29)",Seth Curry,MISSED
738,Trae Young,26.679034179566266,6.47454434445548,"(25, 29)",Chris Paul,MISSED
739,Trae Young,4.5080304924165722,28.218035021795544,"(25, 29)",Seth Curry,MISSED
740,Trae Young,26.182490218111358,9.7984803959301434,"(25, 29)",Russell Westbrook,MISSED
741,Trae Young,-28.603444594521065,0.44122633194750494,"(25, 29)",Chris Paul,MISSED
742,Trae Young,20.912865726295536,19.638581200320015,"(25, 29)",Chris Paul,MISSED
743,Trae Young,28.4672675840579,4.2245750055936089,"(25, 29)",Russell Westbrook,MISSED
744,Trae Young,14.851354805900442,22.262879483802369,"(25, 29)",Chris Paul,MISSED
745,Trae Young,21.356398504461154,19.443956080780751,"(25, 29)",Seth Curry,MISSED
746,Trae Young,-25.856622999346616,6.2640435284031462,"(25, 29)",Chris Paul,MISSED
747,Trae Young,-26.176711806439616,7.4185231119732169,"(25, 29)",Russell Westbrook,MISSED
748,Trae Young,25.58781222153258,10.375176185057528,"(25, 29)",Russell Westbrook,MISSED
749,Trae Young,-11.387485534164579,26.651174610201743,"(25, 29)",Seth Curry,MISSED
750,Trae Young,9.6821144857869879,25.982793239357338,"(25, 29)",Chris Paul,MISSED
751,Trae Young,-26.103138745269078,12.115844869275167,"(25, 29)",Russell Westbrook,MISSED
752,Trae Young,-24.677397018482093,9.8933199315076248,"(25, 29)",Russell Westbrook,MISSED
753,Trae Young,-23.878313750150468,13.349684630431016,"(25, 29)",Russell Westbrook,MISSED
754,Trae Young,-1.9915418153642586,27.45506877965812,"(25, 29)",Seth Curry,MISSED
755,Trae Young,24.201666179311466,11.640420961483455,"(25, 29)",Russell Westbrook,MISSED
756,Trae Young,26.571923147945569,10.958708164905909,"(25, 29)",Russell Westbrook,MISSED
757,Trae Young,-22.363097600488032,15.733005482578017,"(25, 29)",Russell Westbrook,MISSED
758,Trae Young,22.170661458341925,14.91178375601293,"(25, 29)",Seth Curry,MISSED
759,Trae Young,-19.822670538071339,20.338814176156404,"(25, 29)",Seth Curry,MISSED
760,Trae Young,-18.629665518490974,21.614916136540387,"(25, 29)",Russell Westbrook,MISSED
761,Trae Young,-12.780994803636558,25.015735808409012,"(25, 29)",Russell Westbrook,MISSED
762,Trae Young,22.388883736280864,18.431740498037041,"(25, 29)",Seth Curry,MISSED
763,Trae Young,2.430785813363042,27.261759611607786,"(25, 29)",Russell Westbrook,MISSED
764,Trae Young,-12.829642710371877,25.578219291786162,"(25, 29)",Chris Paul,MISSED
765,Trae Young,28.459785796305727,5.2018215924101332,"(25, 29)",Seth Curry,MISSED
766,Trae Young,26.366228361962069,11.92924713862206,"(25, 29)",Seth Curry,MISSED
767,Trae Young,-24.856870374233807,8.2806616055496409,"(25, 29)",Russell Westbrook,MISSED
768,Trae Young,2.7938040621014935,26.063560116756928,"(25, 29)",Seth Curry,MISSED
769,Trae Young,-6.9655207698869432,25.392334166517358,"(25, 29)",Chris Paul,MISSED
770,Trae Young,-18.987231549960963,19.518190250225501,"(25, 29)",Chris Paul,MISSED
771,Trae Young,26.093329606157187,10.324875131741731,"(25, 29)",Russell Westbrook,MISSED
772,Trae Young,6.2217656121892411,25.756008078222873,"(25, 29)",Seth Curry,MISSED
773,Trae Young,16.397466628007777,22.660323383894841,"(25, 29)",Chris Paul,MISSED
774,Trae Young,-11.257103874812657,25.713096624063752,"(25, 29)",Russell Westbrook,MISSED
775,Trae Young,-11.2893706409216,26.06419675396209,"(25, 29)",Chris Paul,MISSED
